{"features": [3690.23388671875, 4.191491603851318, 3.277169942855835, 0.000247767980908975, 3.5298287868499756, 0.235957071185112, -1.818701982498169, 32.57232666015625, 38.982181549072266, 14.656188011169434, 4.191491603851318, 3.850013494491577, 3.7820630073547363, 3.7245333194732666, 3.6740617752075195, 3.6285784244537354, 3.5866522789001465, 3.548515558242798, 3.5153863430023193, 3.4888486862182617, 3.4631974697113037, 3.430896520614624, 3.382030963897705, 3.233102560043335, 3.11626935005188, 3.277169942855835], "cycle_number": 0}