{"features": [3121.906982421875, 4.1987996101379395, 3.5176708698272705, 0.00021817718516103923, 3.5246734619140625, 0.22554615139961243, -1.837112545967102, 32.45692825317383, 39.56076431274414, 15.633498191833496, 4.1987996101379395, 3.853930711746216, 3.78385066986084, 3.7137999534606934, 3.656229019165039, 3.60508131980896, 3.561192274093628, 3.524397373199463, 3.491868019104004, 3.4637715816497803, 3.433284282684326, 3.3960483074188232, 3.3369734287261963, 3.1748480796813965, 3.2303466796875, 3.5176708698272705], "cycle_number": 74}