{"features": [3368.26611328125, 4.1996750831604, 3.3171982765197754, 0.00026199742569588125, 3.5597238540649414, 0.22067305445671082, -1.9231438636779785, 31.90224838256836, 38.340030670166016, 14.367010116577148, 4.1996750831604, 3.8819215297698975, 3.8136754035949707, 3.7473437786102295, 3.6940019130706787, 3.6451990604400635, 3.6015048027038574, 3.5638744831085205, 3.532151699066162, 3.505844831466675, 3.4830687046051025, 3.4577877521514893, 3.424691915512085, 3.364701509475708, 3.118008852005005, 3.3171982765197754], "cycle_number": 35}